subid,proba,t,pred,slices,axes,x_proba,y_proba,z_proba,x_pred,y_pred,z_pred
3449233.0,0.13,20.63,0.0,"[0, 3, 4, 5, 6, 7, 8, 9, 10, 11, 12, 13, 14, 240, 245, 247, 248, 0, 1, 2, 3, 4, 5, 6, 7, 8, 9, 10, 11, 12, 13, 14, 15, 16, 17, 18, 19, 20, 21, 22, 23, 24, 25, 26, 27, 28, 29, 30, 31, 32, 33, 34, 35, 36, 38, 39, 40, 41, 42, 43, 44, 45, 59, 81, 82, 83, 85, 107, 232, 235, 236, 237, 238, 239, 240, 241, 242, 243, 244, 245, 246, 247, 248, 249, 250, 251, 252, 253, 254]","['y', 'y', 'y', 'y', 'y', 'y', 'y', 'y', 'y', 'y', 'y', 'y', 'y', 'y', 'y', 'y', 'y', 'z', 'z', 'z', 'z', 'z', 'z', 'z', 'z', 'z', 'z', 'z', 'z', 'z', 'z', 'z', 'z', 'z', 'z', 'z', 'z', 'z', 'z', 'z', 'z', 'z', 'z', 'z', 'z', 'z', 'z', 'z', 'z', 'z', 'z', 'z', 'z', 'z', 'z', 'z', 'z', 'z', 'z', 'z', 'z', 'z', 'z', 'z', 'z', 'z', 'z', 'z', 'z', 'z', 'z', 'z', 'z', 'z', 'z', 'z', 'z', 'z', 'z', 'z', 'z', 'z', 'z', 'z', 'z', 'z', 'z', 'z', 'z']",0.0,0.07,0.28,0.0,0.0,0.0
2671604.0,0.09,19.08,0.0,"[6, 22, 23, 25, 26, 27, 28, 225, 226, 242, 245, 247, 0, 1, 2, 3, 4, 7, 10, 12, 202, 204, 206, 207, 208, 209, 210, 211, 212, 213, 214, 215, 216, 217, 218, 219, 220, 222, 223, 224, 225, 226, 227, 228, 229, 230, 233, 234, 235, 236, 237, 238, 239, 240, 241, 244, 245, 246, 247, 248, 249, 250, 251, 253, 254]","['x', 'y', 'y', 'y', 'y', 'y', 'y', 'y', 'y', 'y', 'y', 'y', 'z', 'z', 'z', 'z', 'z', 'z', 'z', 'z', 'z', 'z', 'z', 'z', 'z', 'z', 'z', 'z', 'z', 'z', 'z', 'z', 'z', 'z', 'z', 'z', 'z', 'z', 'z', 'z', 'z', 'z', 'z', 'z', 'z', 'z', 'z', 'z', 'z', 'z', 'z', 'z', 'z', 'z', 'z', 'z', 'z', 'z', 'z', 'z', 'z', 'z', 'z', 'z', 'z']",0.01,0.04,0.21,0.0,0.0,0.0
2574674.0,0.11,19.91,0.0,"[89, 167, 4, 5, 12, 24, 31, 33, 34, 35, 37, 38, 39, 113, 114, 236, 237, 238, 239, 240, 241, 242, 243, 254, 0, 1, 2, 3, 4, 5, 6, 7, 8, 9, 10, 11, 12, 13, 38, 39, 214, 215, 216, 217, 218, 219, 220, 221, 222, 224, 225, 226, 227, 228, 229, 230, 231, 232, 233, 235, 237, 238, 239, 240, 242, 243, 244, 245, 246, 247, 248, 249, 250, 251, 252, 253, 254]","['x', 'x', 'y', 'y', 'y', 'y', 'y', 'y', 'y', 'y', 'y', 'y', 'y', 'y', 'y', 'y', 'y', 'y', 'y', 'y', 'y', 'y', 'y', 'y', 'z', 'z', 'z', 'z', 'z', 'z', 'z', 'z', 'z', 'z', 'z', 'z', 'z', 'z', 'z', 'z', 'z', 'z', 'z', 'z', 'z', 'z', 'z', 'z', 'z', 'z', 'z', 'z', 'z', 'z', 'z', 'z', 'z', 'z', 'z', 'z', 'z', 'z', 'z', 'z', 'z', 'z', 'z', 'z', 'z', 'z', 'z', 'z', 'z', 'z', 'z', 'z', 'z']",0.01,0.09,0.21,0.0,0.0,0.0
3959823.0,0.09,19.85,0.0,"[14, 15, 154, 169, 24, 25, 26, 27, 28, 30, 204, 252, 0, 1, 2, 3, 4, 5, 6, 7, 8, 9, 10, 11, 12, 13, 14, 15, 16, 19, 20, 21, 22, 23, 59, 204, 206, 207, 208, 209, 210, 211, 212, 213, 217, 219, 221, 223, 224, 225, 232, 235, 240, 241, 246, 247, 249, 250, 251, 252, 253]","['x', 'x', 'x', 'x', 'y', 'y', 'y', 'y', 'y', 'y', 'y', 'y', 'z', 'z', 'z', 'z', 'z', 'z', 'z', 'z', 'z', 'z', 'z', 'z', 'z', 'z', 'z', 'z', 'z', 'z', 'z', 'z', 'z', 'z', 'z', 'z', 'z', 'z', 'z', 'z', 'z', 'z', 'z', 'z', 'z', 'z', 'z', 'z', 'z', 'z', 'z', 'z', 'z', 'z', 'z', 'z', 'z', 'z', 'z', 'z', 'z']",0.02,0.03,0.19,0.0,0.0,0.0
5045355.0,0.13,19.87,0.0,"[22, 23, 207, 208, 209, 244, 0, 1, 2, 3, 4, 5, 6, 7, 8, 9, 10, 11, 12, 13, 14, 15, 16, 17, 18, 19, 20, 21, 22, 23, 24, 25, 26, 27, 28, 29, 30, 31, 32, 33, 34, 35, 36, 37, 38, 39, 40, 41, 42, 43, 44, 45, 46, 47, 48, 49, 50, 51, 52, 53, 54, 55, 56, 57, 59, 60, 61, 62, 63, 64, 69, 70, 71, 72, 100, 240, 241, 242, 243, 244, 245, 246, 247, 248, 249, 250, 251, 252, 253, 254]","['y', 'y', 'y', 'y', 'y', 'y', 'z', 'z', 'z', 'z', 'z', 'z', 'z', 'z', 'z', 'z', 'z', 'z', 'z', 'z', 'z', 'z', 'z', 'z', 'z', 'z', 'z', 'z', 'z', 'z', 'z', 'z', 'z', 'z', 'z', 'z', 'z', 'z', 'z', 'z', 'z', 'z', 'z', 'z', 'z', 'z', 'z', 'z', 'z', 'z', 'z', 'z', 'z', 'z', 'z', 'z', 'z', 'z', 'z', 'z', 'z', 'z', 'z', 'z', 'z', 'z', 'z', 'z', 'z', 'z', 'z', 'z', 'z', 'z', 'z', 'z', 'z', 'z', 'z', 'z', 'z', 'z', 'z', 'z', 'z', 'z', 'z', 'z', 'z', 'z']",0.0,0.02,0.33,0.0,0.0,0.0
2961243.0,0.12,19.54,0.0,"[5, 8, 10, 11, 16, 17, 18, 19, 22, 228, 234, 243, 245, 246, 247, 0, 1, 2, 3, 4, 5, 6, 7, 8, 9, 10, 11, 12, 13, 14, 15, 16, 17, 18, 19, 20, 21, 22, 23, 24, 25, 26, 27, 28, 29, 30, 31, 32, 33, 34, 64, 72, 73, 80, 81, 83, 84, 85, 86, 87, 88, 230, 234, 235, 236, 237, 238, 239, 240, 241, 242, 243, 244, 245, 246, 247, 248, 249, 250, 251, 252, 253, 254]","['y', 'y', 'y', 'y', 'y', 'y', 'y', 'y', 'y', 'y', 'y', 'y', 'y', 'y', 'y', 'z', 'z', 'z', 'z', 'z', 'z', 'z', 'z', 'z', 'z', 'z', 'z', 'z', 'z', 'z', 'z', 'z', 'z', 'z', 'z', 'z', 'z', 'z', 'z', 'z', 'z', 'z', 'z', 'z', 'z', 'z', 'z', 'z', 'z', 'z', 'z', 'z', 'z', 'z', 'z', 'z', 'z', 'z', 'z', 'z', 'z', 'z', 'z', 'z', 'z', 'z', 'z', 'z', 'z', 'z', 'z', 'z', 'z', 'z', 'z', 'z', 'z', 'z', 'z', 'z', 'z', 'z', 'z']",0.0,0.06,0.27,0.0,0.0,0.0
3082137.0,0.54,19.91,1.0,"[4, 16, 17, 18, 19, 20, 21, 24, 25, 27, 28, 29, 32, 33, 37, 38, 39, 40, 41, 43, 44, 45, 46, 47, 48, 51, 55, 56, 57, 58, 62, 63, 65, 69, 70, 71, 86, 87, 88, 89, 90, 91, 93, 94, 95, 96, 97, 98, 99, 100, 101, 102, 103, 104, 105, 106, 107, 108, 109, 110, 111, 114, 115, 116, 117, 118, 119, 120, 121, 122, 123, 124, 125, 126, 127, 129, 132, 133, 159, 161, 0, 1, 2, 3, 4, 5, 6, 7, 8, 9, 10, 11, 12, 13, 14, 15, 16, 17, 18, 19, 20, 21, 22, 50, 55, 56, 57, 58, 59, 60, 61, 62, 63, 64, 65, 66, 69, 70, 71, 73, 74, 75, 76, 77, 78, 83, 101, 102, 104, 105, 106, 107, 108, 109, 110, 153, 154, 155, 156, 157, 158, 159, 160, 161, 162, 163, 164, 165, 166, 167, 168, 169, 170, 171, 172, 174, 175, 176, 177, 178, 179, 180, 181, 182, 183, 184, 185, 186, 187, 188, 189, 190, 191, 197, 199, 200, 201, 203, 204, 205, 206, 208, 209, 210, 212, 213, 214, 215, 216, 220, 221, 222, 223, 224, 225, 226, 227, 228, 229, 230, 231, 232, 233, 234, 235, 236, 237, 238, 239, 241, 242, 243, 244, 245, 246, 247, 248, 249, 250, 251, 252, 253, 254, 0, 1, 2, 3, 4, 5, 6, 7, 8, 9, 10, 11, 12, 13, 14, 15, 16, 17, 18, 19, 20, 21, 22, 23, 24, 25, 26, 27, 28, 29, 30, 31, 32, 34, 35, 36, 37, 38, 39, 40, 41, 42, 43, 44, 45, 46, 47, 48, 49, 50, 51, 52, 53, 55, 56, 57, 58, 59, 60, 61, 62, 63, 64, 65, 66, 67, 68, 69, 70, 71, 72, 73, 74, 75, 141, 142, 146, 171, 172, 174, 175, 177, 181, 182, 183, 184, 185, 186, 187, 188, 189, 190, 191, 192, 193, 194, 195, 196, 197, 198, 199, 200, 201, 202, 203, 204, 205, 206, 207, 208, 209, 210, 211, 212, 213, 214, 215, 216, 217, 219, 220, 221, 223, 224, 225, 226, 227, 228, 229, 230, 231, 233, 235, 236, 237, 239, 240, 241, 243, 244, 245, 246, 247, 248, 249, 250, 251, 252, 253, 254]","['x', 'x', 'x', 'x', 'x', 'x', 'x', 'x', 'x', 'x', 'x', 'x', 'x', 'x', 'x', 'x', 'x', 'x', 'x', 'x', 'x', 'x', 'x', 'x', 'x', 'x', 'x', 'x', 'x', 'x', 'x', 'x', 'x', 'x', 'x', 'x', 'x', 'x', 'x', 'x', 'x', 'x', 'x', 'x', 'x', 'x', 'x', 'x', 'x', 'x', 'x', 'x', 'x', 'x', 'x', 'x', 'x', 'x', 'x', 'x', 'x', 'x', 'x', 'x', 'x', 'x', 'x', 'x', 'x', 'x', 'x', 'x', 'x', 'x', 'x', 'x', 'x', 'x', 'x', 'x', 'y', 'y', 'y', 'y', 'y', 'y', 'y', 'y', 'y', 'y', 'y', 'y', 'y', 'y', 'y', 'y', 'y', 'y', 'y', 'y', 'y', 'y', 'y', 'y', 'y', 'y', 'y', 'y', 'y', 'y', 'y', 'y', 'y', 'y', 'y', 'y', 'y', 'y', 'y', 'y', 'y', 'y', 'y', 'y', 'y', 'y', 'y', 'y', 'y', 'y', 'y', 'y', 'y', 'y', 'y', 'y', 'y', 'y', 'y', 'y', 'y', 'y', 'y', 'y', 'y', 'y', 'y', 'y', 'y', 'y', 'y', 'y', 'y', 'y', 'y', 'y', 'y', 'y', 'y', 'y', 'y', 'y', 'y', 'y', 'y', 'y', 'y', 'y', 'y', 'y', 'y', 'y', 'y', 'y', 'y', 'y', 'y', 'y', 'y', 'y', 'y', 'y', 'y', 'y', 'y', 'y', 'y', 'y', 'y', 'y', 'y', 'y', 'y', 'y', 'y', 'y', 'y', 'y', 'y', 'y', 'y', 'y', 'y', 'y', 'y', 'y', 'y', 'y', 'y', 'y', 'y', 'y', 'y', 'y', 'y', 'y', 'y', 'y', 'y', 'y', 'y', 'y', 'y', 'z', 'z', 'z', 'z', 'z', 'z', 'z', 'z', 'z', 'z', 'z', 'z', 'z', 'z', 'z', 'z', 'z', 'z', 'z', 'z', 'z', 'z', 'z', 'z', 'z', 'z', 'z', 'z', 'z', 'z', 'z', 'z', 'z', 'z', 'z', 'z', 'z', 'z', 'z', 'z', 'z', 'z', 'z', 'z', 'z', 'z', 'z', 'z', 'z', 'z', 'z', 'z', 'z', 'z', 'z', 'z', 'z', 'z', 'z', 'z', 'z', 'z', 'z', 'z', 'z', 'z', 'z', 'z', 'z', 'z', 'z', 'z', 'z', 'z', 'z', 'z', 'z', 'z', 'z', 'z', 'z', 'z', 'z', 'z', 'z', 'z', 'z', 'z', 'z', 'z', 'z', 'z', 'z', 'z', 'z', 'z', 'z', 'z', 'z', 'z', 'z', 'z', 'z', 'z', 'z', 'z', 'z', 'z', 'z', 'z', 'z', 'z', 'z', 'z', 'z', 'z', 'z', 'z', 'z', 'z', 'z', 'z', 'z', 'z', 'z', 'z', 'z', 'z', 'z', 'z', 'z', 'z', 'z', 'z', 'z', 'z', 'z', 'z', 'z', 'z', 'z', 'z', 'z', 'z', 'z', 'z', 'z', 'z', 'z', 'z']",0.45,0.56,0.59,0.0,1.0,1.0
3808273.0,0.15,19.82,0.0,"[43, 45, 137, 20, 21, 25, 29, 30, 31, 32, 33, 103, 126, 135, 187, 188, 189, 190, 193, 194, 195, 196, 197, 199, 200, 201, 202, 203, 207, 208, 209, 210, 230, 0, 1, 2, 3, 4, 5, 6, 7, 8, 9, 10, 11, 12, 13, 14, 15, 16, 17, 18, 30, 31, 32, 33, 34, 35, 36, 37, 38, 209, 210, 212, 213, 214, 215, 216, 217, 218, 219, 220, 221, 222, 223, 224, 225, 226, 227, 228, 229, 230, 231, 232, 234, 235, 236, 238, 239, 240, 241, 242, 243, 244, 245, 246, 247, 248, 249, 250, 251, 252, 253, 254]","['x', 'x', 'x', 'y', 'y', 'y', 'y', 'y', 'y', 'y', 'y', 'y', 'y', 'y', 'y', 'y', 'y', 'y', 'y', 'y', 'y', 'y', 'y', 'y', 'y', 'y', 'y', 'y', 'y', 'y', 'y', 'y', 'y', 'z', 'z', 'z', 'z', 'z', 'z', 'z', 'z', 'z', 'z', 'z', 'z', 'z', 'z', 'z', 'z', 'z', 'z', 'z', 'z', 'z', 'z', 'z', 'z', 'z', 'z', 'z', 'z', 'z', 'z', 'z', 'z', 'z', 'z', 'z', 'z', 'z', 'z', 'z', 'z', 'z', 'z', 'z', 'z', 'z', 'z', 'z', 'z', 'z', 'z', 'z', 'z', 'z', 'z', 'z', 'z', 'z', 'z', 'z', 'z', 'z', 'z', 'z', 'z', 'z', 'z', 'z', 'z', 'z', 'z', 'z']",0.02,0.12,0.28,0.0,0.0,0.0
3108222.0,0.22,19.58,0.0,"[0, 2, 3, 4, 5, 6, 7, 8, 9, 12, 14, 15, 16, 17, 18, 19, 20, 21, 22, 23, 24, 25, 209, 211, 212, 213, 215, 216, 217, 218, 219, 220, 221, 222, 223, 224, 225, 226, 227, 228, 229, 230, 231, 232, 233, 234, 235, 236, 237, 238, 239, 240, 242, 243, 244, 245, 246, 248, 249, 250, 253, 0, 1, 2, 3, 4, 5, 6, 7, 8, 9, 10, 11, 12, 13, 14, 15, 16, 17, 18, 19, 20, 21, 22, 23, 24, 25, 26, 27, 28, 29, 30, 31, 32, 33, 34, 35, 37, 38, 39, 40, 41, 42, 43, 44, 45, 46, 47, 48, 49, 50, 51, 52, 53, 54, 55, 56, 57, 58, 59, 60, 61, 62, 63, 64, 67, 68, 70, 72, 73, 74, 75, 77, 78, 79, 82, 90, 95, 98, 106, 241, 242, 244, 245, 246, 247, 248, 249, 250, 251, 252, 253, 254]","['y', 'y', 'y', 'y', 'y', 'y', 'y', 'y', 'y', 'y', 'y', 'y', 'y', 'y', 'y', 'y', 'y', 'y', 'y', 'y', 'y', 'y', 'y', 'y', 'y', 'y', 'y', 'y', 'y', 'y', 'y', 'y', 'y', 'y', 'y', 'y', 'y', 'y', 'y', 'y', 'y', 'y', 'y', 'y', 'y', 'y', 'y', 'y', 'y', 'y', 'y', 'y', 'y', 'y', 'y', 'y', 'y', 'y', 'y', 'y', 'y', 'z', 'z', 'z', 'z', 'z', 'z', 'z', 'z', 'z', 'z', 'z', 'z', 'z', 'z', 'z', 'z', 'z', 'z', 'z', 'z', 'z', 'z', 'z', 'z', 'z', 'z', 'z', 'z', 'z', 'z', 'z', 'z', 'z', 'z', 'z', 'z', 'z', 'z', 'z', 'z', 'z', 'z', 'z', 'z', 'z', 'z', 'z', 'z', 'z', 'z', 'z', 'z', 'z', 'z', 'z', 'z', 'z', 'z', 'z', 'z', 'z', 'z', 'z', 'z', 'z', 'z', 'z', 'z', 'z', 'z', 'z', 'z', 'z', 'z', 'z', 'z', 'z', 'z', 'z', 'z', 'z', 'z', 'z', 'z', 'z', 'z', 'z', 'z', 'z', 'z', 'z', 'z']",0.0,0.24,0.36,0.0,0.0,0.0
1585708.0,0.09,20.88,0.0,"[1, 21, 22, 23, 0, 1, 2, 3, 4, 5, 6, 7, 8, 9, 10, 11, 12, 13, 14, 15, 16, 17, 18, 19, 20, 21, 22, 23, 24, 25, 26, 27, 28, 29, 30, 31, 32, 33, 34, 35, 36, 37, 38, 39, 40, 41, 42, 43, 44, 45, 46, 47, 48, 49, 50, 247, 249, 250, 251, 252, 253, 254]","['y', 'y', 'y', 'y', 'z', 'z', 'z', 'z', 'z', 'z', 'z', 'z', 'z', 'z', 'z', 'z', 'z', 'z', 'z', 'z', 'z', 'z', 'z', 'z', 'z', 'z', 'z', 'z', 'z', 'z', 'z', 'z', 'z', 'z', 'z', 'z', 'z', 'z', 'z', 'z', 'z', 'z', 'z', 'z', 'z', 'z', 'z', 'z', 'z', 'z', 'z', 'z', 'z', 'z', 'z', 'z', 'z', 'z', 'z', 'z', 'z', 'z']",0.0,0.02,0.23,0.0,0.0,0.0
3048588.0,0.21,19.95,0.0,"[5, 8, 13, 14, 17, 19, 20, 22, 23, 24, 25, 26, 27, 28, 29, 30, 31, 32, 33, 34, 209, 210, 211, 212, 213, 214, 215, 216, 217, 218, 219, 220, 221, 222, 223, 225, 226, 234, 235, 236, 237, 238, 239, 240, 241, 242, 243, 244, 246, 247, 248, 249, 250, 251, 253, 0, 1, 2, 3, 4, 5, 6, 7, 8, 9, 10, 11, 12, 13, 14, 15, 16, 17, 18, 19, 20, 21, 22, 23, 24, 25, 26, 27, 28, 29, 30, 31, 32, 33, 34, 35, 36, 37, 40, 41, 42, 43, 44, 46, 47, 48, 55, 56, 62, 63, 65, 205, 206, 211, 212, 213, 214, 215, 216, 217, 218, 219, 220, 221, 222, 226, 227, 228, 229, 230, 231, 232, 233, 234, 236, 237, 238, 239, 240, 241, 243, 244, 245, 246, 247, 248, 249, 250, 251, 252, 253, 254]","['y', 'y', 'y', 'y', 'y', 'y', 'y', 'y', 'y', 'y', 'y', 'y', 'y', 'y', 'y', 'y', 'y', 'y', 'y', 'y', 'y', 'y', 'y', 'y', 'y', 'y', 'y', 'y', 'y', 'y', 'y', 'y', 'y', 'y', 'y', 'y', 'y', 'y', 'y', 'y', 'y', 'y', 'y', 'y', 'y', 'y', 'y', 'y', 'y', 'y', 'y', 'y', 'y', 'y', 'y', 'z', 'z', 'z', 'z', 'z', 'z', 'z', 'z', 'z', 'z', 'z', 'z', 'z', 'z', 'z', 'z', 'z', 'z', 'z', 'z', 'z', 'z', 'z', 'z', 'z', 'z', 'z', 'z', 'z', 'z', 'z', 'z', 'z', 'z', 'z', 'z', 'z', 'z', 'z', 'z', 'z', 'z', 'z', 'z', 'z', 'z', 'z', 'z', 'z', 'z', 'z', 'z', 'z', 'z', 'z', 'z', 'z', 'z', 'z', 'z', 'z', 'z', 'z', 'z', 'z', 'z', 'z', 'z', 'z', 'z', 'z', 'z', 'z', 'z', 'z', 'z', 'z', 'z', 'z', 'z', 'z', 'z', 'z', 'z', 'z', 'z', 'z', 'z', 'z', 'z', 'z', 'z']",0.0,0.22,0.36,0.0,0.0,0.0
4285031.0,0.11,20.19,0.0,"[0, 2, 5, 9, 10, 35, 47, 103, 167, 19, 23, 24, 25, 73, 74, 195, 232, 0, 1, 2, 3, 4, 5, 6, 7, 8, 9, 10, 11, 12, 13, 14, 15, 16, 18, 50, 209, 212, 213, 214, 215, 216, 217, 218, 219, 220, 222, 223, 224, 227, 228, 230, 231, 232, 233, 234, 235, 237, 238, 239, 240, 241, 242, 243, 244, 245, 246, 247, 248, 249, 250, 251, 252, 253, 254]","['x', 'x', 'x', 'x', 'x', 'x', 'x', 'x', 'x', 'y', 'y', 'y', 'y', 'y', 'y', 'y', 'y', 'z', 'z', 'z', 'z', 'z', 'z', 'z', 'z', 'z', 'z', 'z', 'z', 'z', 'z', 'z', 'z', 'z', 'z', 'z', 'z', 'z', 'z', 'z', 'z', 'z', 'z', 'z', 'z', 'z', 'z', 'z', 'z', 'z', 'z', 'z', 'z', 'z', 'z', 'z', 'z', 'z', 'z', 'z', 'z', 'z', 'z', 'z', 'z', 'z', 'z', 'z', 'z', 'z', 'z', 'z', 'z', 'z', 'z']",0.05,0.03,0.23,0.0,0.0,0.0
4020830.0,0.14,19.76,0.0,"[66, 67, 170, 10, 12, 13, 14, 15, 16, 17, 18, 19, 75, 79, 80, 81, 82, 92, 237, 239, 252, 0, 1, 2, 3, 4, 5, 6, 7, 8, 9, 10, 11, 12, 13, 14, 15, 16, 22, 23, 24, 25, 26, 29, 31, 33, 35, 36, 37, 39, 40, 41, 44, 45, 46, 47, 48, 49, 57, 63, 67, 209, 210, 211, 212, 213, 216, 217, 218, 219, 220, 221, 222, 223, 224, 225, 228, 232, 233, 234, 235, 236, 237, 238, 239, 240, 241, 244, 245, 246, 247, 248, 249, 250, 251, 252, 253, 254]","['x', 'x', 'x', 'y', 'y', 'y', 'y', 'y', 'y', 'y', 'y', 'y', 'y', 'y', 'y', 'y', 'y', 'y', 'y', 'y', 'y', 'z', 'z', 'z', 'z', 'z', 'z', 'z', 'z', 'z', 'z', 'z', 'z', 'z', 'z', 'z', 'z', 'z', 'z', 'z', 'z', 'z', 'z', 'z', 'z', 'z', 'z', 'z', 'z', 'z', 'z', 'z', 'z', 'z', 'z', 'z', 'z', 'z', 'z', 'z', 'z', 'z', 'z', 'z', 'z', 'z', 'z', 'z', 'z', 'z', 'z', 'z', 'z', 'z', 'z', 'z', 'z', 'z', 'z', 'z', 'z', 'z', 'z', 'z', 'z', 'z', 'z', 'z', 'z', 'z', 'z', 'z', 'z', 'z', 'z', 'z', 'z', 'z']",0.02,0.07,0.3,0.0,0.0,0.0
2074737.0,0.12,20.03,0.0,"[0, 2, 9, 10, 12, 13, 14, 15, 16, 17, 235, 0, 1, 2, 3, 4, 5, 6, 7, 8, 9, 10, 11, 12, 13, 14, 15, 16, 17, 18, 19, 20, 21, 22, 23, 24, 25, 26, 36, 41, 77, 210, 213, 214, 215, 216, 217, 219, 220, 221, 222, 223, 224, 225, 226, 227, 228, 229, 230, 231, 232, 233, 234, 235, 236, 237, 238, 239, 240, 241, 242, 243, 244, 245, 246, 247, 248, 249, 250, 251, 252, 253, 254]","['y', 'y', 'y', 'y', 'y', 'y', 'y', 'y', 'y', 'y', 'y', 'z', 'z', 'z', 'z', 'z', 'z', 'z', 'z', 'z', 'z', 'z', 'z', 'z', 'z', 'z', 'z', 'z', 'z', 'z', 'z', 'z', 'z', 'z', 'z', 'z', 'z', 'z', 'z', 'z', 'z', 'z', 'z', 'z', 'z', 'z', 'z', 'z', 'z', 'z', 'z', 'z', 'z', 'z', 'z', 'z', 'z', 'z', 'z', 'z', 'z', 'z', 'z', 'z', 'z', 'z', 'z', 'z', 'z', 'z', 'z', 'z', 'z', 'z', 'z', 'z', 'z', 'z', 'z', 'z', 'z', 'z', 'z']",0.0,0.04,0.28,0.0,0.0,0.0
3190461.0,0.67,20.14,1.0,"[21, 22, 23, 24, 25, 26, 28, 30, 31, 32, 33, 34, 36, 37, 38, 39, 40, 41, 42, 43, 44, 45, 46, 47, 48, 53, 54, 55, 56, 57, 58, 59, 60, 61, 62, 63, 64, 66, 67, 68, 69, 70, 72, 73, 74, 75, 76, 77, 78, 79, 80, 81, 82, 83, 84, 85, 86, 87, 88, 89, 90, 91, 93, 94, 96, 98, 99, 101, 102, 103, 104, 105, 106, 107, 108, 109, 111, 119, 120, 121, 122, 123, 124, 125, 127, 130, 132, 137, 138, 144, 158, 159, 160, 161, 162, 163, 0, 1, 2, 3, 4, 5, 6, 7, 8, 9, 10, 11, 12, 13, 14, 15, 16, 17, 18, 19, 20, 21, 22, 23, 24, 25, 26, 27, 60, 61, 62, 63, 64, 65, 66, 81, 86, 87, 89, 91, 92, 93, 96, 98, 99, 100, 101, 102, 103, 104, 105, 106, 107, 108, 109, 110, 111, 112, 114, 115, 116, 117, 118, 119, 120, 121, 122, 123, 124, 125, 126, 127, 128, 130, 131, 132, 133, 134, 135, 136, 137, 138, 140, 141, 142, 143, 144, 145, 146, 147, 148, 149, 150, 151, 152, 153, 154, 155, 156, 157, 158, 159, 160, 161, 162, 163, 164, 165, 166, 167, 168, 169, 170, 171, 172, 173, 174, 175, 176, 177, 178, 179, 180, 181, 182, 183, 184, 185, 186, 187, 188, 189, 190, 191, 192, 193, 194, 195, 196, 197, 198, 199, 200, 201, 202, 203, 204, 205, 206, 207, 208, 209, 210, 211, 212, 213, 214, 215, 217, 222, 224, 225, 226, 228, 229, 230, 231, 232, 233, 234, 235, 236, 237, 238, 239, 240, 241, 242, 243, 244, 245, 246, 247, 248, 249, 250, 251, 252, 253, 254, 0, 1, 2, 3, 4, 5, 6, 7, 8, 9, 10, 11, 12, 13, 14, 15, 16, 17, 18, 19, 20, 21, 22, 23, 24, 25, 26, 27, 28, 29, 30, 31, 32, 33, 34, 35, 36, 37, 38, 39, 40, 41, 42, 43, 44, 45, 46, 47, 48, 49, 50, 51, 52, 53, 54, 55, 56, 57, 58, 59, 60, 61, 62, 63, 64, 65, 66, 67, 68, 69, 70, 71, 72, 73, 74, 75, 76, 77, 78, 79, 80, 81, 82, 83, 84, 86, 87, 90, 92, 93, 94, 95, 98, 100, 101, 102, 103, 104, 107, 108, 110, 112, 113, 118, 119, 120, 121, 122, 123, 124, 125, 126, 127, 128, 129, 130, 131, 132, 133, 136, 137, 170, 184, 201, 202, 203, 204, 205, 206, 207, 208, 209, 210, 211, 212, 213, 214, 215, 216, 217, 218, 219, 220, 221, 222, 223, 224, 225, 226, 227, 228, 229, 230, 231, 232, 233, 234, 235, 236, 237, 238, 239, 240, 241, 242, 244, 245, 246, 247, 248, 249, 250, 251, 252, 253, 254]","['x', 'x', 'x', 'x', 'x', 'x', 'x', 'x', 'x', 'x', 'x', 'x', 'x', 'x', 'x', 'x', 'x', 'x', 'x', 'x', 'x', 'x', 'x', 'x', 'x', 'x', 'x', 'x', 'x', 'x', 'x', 'x', 'x', 'x', 'x', 'x', 'x', 'x', 'x', 'x', 'x', 'x', 'x', 'x', 'x', 'x', 'x', 'x', 'x', 'x', 'x', 'x', 'x', 'x', 'x', 'x', 'x', 'x', 'x', 'x', 'x', 'x', 'x', 'x', 'x', 'x', 'x', 'x', 'x', 'x', 'x', 'x', 'x', 'x', 'x', 'x', 'x', 'x', 'x', 'x', 'x', 'x', 'x', 'x', 'x', 'x', 'x', 'x', 'x', 'x', 'x', 'x', 'x', 'x', 'x', 'x', 'y', 'y', 'y', 'y', 'y', 'y', 'y', 'y', 'y', 'y', 'y', 'y', 'y', 'y', 'y', 'y', 'y', 'y', 'y', 'y', 'y', 'y', 'y', 'y', 'y', 'y', 'y', 'y', 'y', 'y', 'y', 'y', 'y', 'y', 'y', 'y', 'y', 'y', 'y', 'y', 'y', 'y', 'y', 'y', 'y', 'y', 'y', 'y', 'y', 'y', 'y', 'y', 'y', 'y', 'y', 'y', 'y', 'y', 'y', 'y', 'y', 'y', 'y', 'y', 'y', 'y', 'y', 'y', 'y', 'y', 'y', 'y', 'y', 'y', 'y', 'y', 'y', 'y', 'y', 'y', 'y', 'y', 'y', 'y', 'y', 'y', 'y', 'y', 'y', 'y', 'y', 'y', 'y', 'y', 'y', 'y', 'y', 'y', 'y', 'y', 'y', 'y', 'y', 'y', 'y', 'y', 'y', 'y', 'y', 'y', 'y', 'y', 'y', 'y', 'y', 'y', 'y', 'y', 'y', 'y', 'y', 'y', 'y', 'y', 'y', 'y', 'y', 'y', 'y', 'y', 'y', 'y', 'y', 'y', 'y', 'y', 'y', 'y', 'y', 'y', 'y', 'y', 'y', 'y', 'y', 'y', 'y', 'y', 'y', 'y', 'y', 'y', 'y', 'y', 'y', 'y', 'y', 'y', 'y', 'y', 'y', 'y', 'y', 'y', 'y', 'y', 'y', 'y', 'y', 'y', 'y', 'y', 'y', 'y', 'y', 'y', 'y', 'y', 'y', 'y', 'y', 'y', 'y', 'y', 'y', 'y', 'y', 'y', 'y', 'y', 'z', 'z', 'z', 'z', 'z', 'z', 'z', 'z', 'z', 'z', 'z', 'z', 'z', 'z', 'z', 'z', 'z', 'z', 'z', 'z', 'z', 'z', 'z', 'z', 'z', 'z', 'z', 'z', 'z', 'z', 'z', 'z', 'z', 'z', 'z', 'z', 'z', 'z', 'z', 'z', 'z', 'z', 'z', 'z', 'z', 'z', 'z', 'z', 'z', 'z', 'z', 'z', 'z', 'z', 'z', 'z', 'z', 'z', 'z', 'z', 'z', 'z', 'z', 'z', 'z', 'z', 'z', 'z', 'z', 'z', 'z', 'z', 'z', 'z', 'z', 'z', 'z', 'z', 'z', 'z', 'z', 'z', 'z', 'z', 'z', 'z', 'z', 'z', 'z', 'z', 'z', 'z', 'z', 'z', 'z', 'z', 'z', 'z', 'z', 'z', 'z', 'z', 'z', 'z', 'z', 'z', 'z', 'z', 'z', 'z', 'z', 'z', 'z', 'z', 'z', 'z', 'z', 'z', 'z', 'z', 'z', 'z', 'z', 'z', 'z', 'z', 'z', 'z', 'z', 'z', 'z', 'z', 'z', 'z', 'z', 'z', 'z', 'z', 'z', 'z', 'z', 'z', 'z', 'z', 'z', 'z', 'z', 'z', 'z', 'z', 'z', 'z', 'z', 'z', 'z', 'z', 'z', 'z', 'z', 'z', 'z', 'z', 'z', 'z', 'z', 'z', 'z', 'z', 'z', 'z', 'z', 'z', 'z', 'z', 'z', 'z']",0.55,0.75,0.69,1.0,1.0,1.0
7339173.0,0.12,19.94,0.0,"[1, 5, 67, 124, 125, 126, 175, 22, 23, 24, 26, 28, 29, 81, 84, 253, 254, 0, 1, 2, 3, 4, 5, 6, 7, 8, 9, 10, 11, 12, 13, 14, 15, 16, 17, 18, 19, 20, 21, 22, 23, 24, 25, 26, 27, 30, 32, 33, 34, 35, 37, 213, 214, 215, 216, 217, 218, 219, 220, 221, 222, 223, 224, 225, 227, 228, 229, 230, 232, 236, 237, 240, 243, 245, 247, 248, 249, 250, 251, 252, 253, 254]","['x', 'x', 'x', 'x', 'x', 'x', 'x', 'y', 'y', 'y', 'y', 'y', 'y', 'y', 'y', 'y', 'y', 'z', 'z', 'z', 'z', 'z', 'z', 'z', 'z', 'z', 'z', 'z', 'z', 'z', 'z', 'z', 'z', 'z', 'z', 'z', 'z', 'z', 'z', 'z', 'z', 'z', 'z', 'z', 'z', 'z', 'z', 'z', 'z', 'z', 'z', 'z', 'z', 'z', 'z', 'z', 'z', 'z', 'z', 'z', 'z', 'z', 'z', 'z', 'z', 'z', 'z', 'z', 'z', 'z', 'z', 'z', 'z', 'z', 'z', 'z', 'z', 'z', 'z', 'z', 'z', 'z']",0.04,0.04,0.25,0.0,0.0,0.0
1438162.0,0.17,20.36,0.0,"[106, 107, 108, 14, 19, 20, 21, 22, 23, 24, 25, 26, 27, 28, 75, 76, 102, 103, 104, 105, 118, 187, 188, 189, 190, 191, 192, 193, 194, 195, 196, 197, 200, 206, 207, 209, 210, 211, 213, 214, 215, 216, 217, 237, 238, 0, 1, 2, 3, 4, 5, 6, 7, 8, 9, 10, 11, 12, 13, 14, 15, 16, 17, 18, 19, 20, 21, 22, 23, 24, 25, 26, 39, 52, 86, 213, 214, 215, 216, 217, 218, 219, 220, 221, 222, 223, 224, 225, 226, 227, 228, 229, 230, 231, 232, 233, 234, 235, 236, 238, 239, 240, 241, 242, 243, 244, 245, 246, 247, 248, 249, 250, 251, 252, 253, 254]","['x', 'x', 'x', 'y', 'y', 'y', 'y', 'y', 'y', 'y', 'y', 'y', 'y', 'y', 'y', 'y', 'y', 'y', 'y', 'y', 'y', 'y', 'y', 'y', 'y', 'y', 'y', 'y', 'y', 'y', 'y', 'y', 'y', 'y', 'y', 'y', 'y', 'y', 'y', 'y', 'y', 'y', 'y', 'y', 'y', 'z', 'z', 'z', 'z', 'z', 'z', 'z', 'z', 'z', 'z', 'z', 'z', 'z', 'z', 'z', 'z', 'z', 'z', 'z', 'z', 'z', 'z', 'z', 'z', 'z', 'z', 'z', 'z', 'z', 'z', 'z', 'z', 'z', 'z', 'z', 'z', 'z', 'z', 'z', 'z', 'z', 'z', 'z', 'z', 'z', 'z', 'z', 'z', 'z', 'z', 'z', 'z', 'z', 'z', 'z', 'z', 'z', 'z', 'z', 'z', 'z', 'z', 'z', 'z', 'z', 'z', 'z', 'z', 'z', 'z', 'z']",0.02,0.16,0.28,0.0,0.0,0.0
3322144.0,0.1,19.88,0.0,"[175, 21, 22, 25, 220, 223, 230, 233, 0, 1, 2, 3, 4, 5, 6, 7, 8, 9, 10, 11, 12, 13, 14, 15, 16, 17, 18, 19, 20, 21, 22, 23, 25, 213, 214, 215, 216, 217, 218, 219, 220, 221, 222, 223, 224, 225, 226, 227, 229, 231, 232, 233, 234, 237, 238, 239, 240, 241, 242, 243, 244, 245, 246, 247, 248, 249, 250, 251, 252, 253, 254]","['x', 'y', 'y', 'y', 'y', 'y', 'y', 'y', 'z', 'z', 'z', 'z', 'z', 'z', 'z', 'z', 'z', 'z', 'z', 'z', 'z', 'z', 'z', 'z', 'z', 'z', 'z', 'z', 'z', 'z', 'z', 'z', 'z', 'z', 'z', 'z', 'z', 'z', 'z', 'z', 'z', 'z', 'z', 'z', 'z', 'z', 'z', 'z', 'z', 'z', 'z', 'z', 'z', 'z', 'z', 'z', 'z', 'z', 'z', 'z', 'z', 'z', 'z', 'z', 'z', 'z', 'z', 'z', 'z', 'z', 'z']",0.01,0.03,0.25,0.0,0.0,0.0
2352986.0,0.11,19.83,0.0,"[6, 9, 239, 246, 249, 0, 1, 2, 3, 4, 5, 6, 7, 8, 9, 10, 11, 12, 13, 14, 15, 16, 17, 18, 19, 20, 21, 22, 23, 24, 25, 26, 27, 28, 29, 30, 31, 32, 33, 34, 35, 36, 37, 38, 39, 42, 43, 44, 45, 46, 47, 51, 52, 73, 228, 234, 235, 236, 237, 238, 239, 240, 241, 242, 243, 244, 245, 246, 247, 248, 249, 250, 251, 252, 253, 254]","['y', 'y', 'y', 'y', 'y', 'z', 'z', 'z', 'z', 'z', 'z', 'z', 'z', 'z', 'z', 'z', 'z', 'z', 'z', 'z', 'z', 'z', 'z', 'z', 'z', 'z', 'z', 'z', 'z', 'z', 'z', 'z', 'z', 'z', 'z', 'z', 'z', 'z', 'z', 'z', 'z', 'z', 'z', 'z', 'z', 'z', 'z', 'z', 'z', 'z', 'z', 'z', 'z', 'z', 'z', 'z', 'z', 'z', 'z', 'z', 'z', 'z', 'z', 'z', 'z', 'z', 'z', 'z', 'z', 'z', 'z', 'z', 'z', 'z', 'z', 'z']",0.0,0.02,0.28,0.0,0.0,0.0
3858891.0,0.08,19.82,0.0,"[4, 13, 18, 19, 20, 21, 23, 24, 25, 26, 252, 0, 1, 2, 3, 4, 5, 6, 7, 8, 9, 10, 11, 12, 13, 14, 15, 17, 19, 30, 223, 226, 227, 230, 231, 232, 234, 235, 236, 237, 240, 241, 242, 243, 244, 245, 246, 247, 248, 249, 250, 251, 252, 253, 254]","['y', 'y', 'y', 'y', 'y', 'y', 'y', 'y', 'y', 'y', 'y', 'z', 'z', 'z', 'z', 'z', 'z', 'z', 'z', 'z', 'z', 'z', 'z', 'z', 'z', 'z', 'z', 'z', 'z', 'z', 'z', 'z', 'z', 'z', 'z', 'z', 'z', 'z', 'z', 'z', 'z', 'z', 'z', 'z', 'z', 'z', 'z', 'z', 'z', 'z', 'z', 'z', 'z', 'z', 'z']",0.0,0.04,0.17,0.0,0.0,0.0
2029723.0,0.11,19.97,0.0,"[1, 7, 80, 84, 93, 94, 95, 103, 107, 108, 222, 223, 229, 247, 253, 0, 1, 2, 3, 4, 5, 6, 7, 8, 9, 10, 11, 12, 13, 14, 15, 16, 17, 18, 19, 20, 21, 22, 23, 24, 25, 26, 27, 28, 29, 30, 31, 32, 33, 34, 35, 36, 37, 38, 39, 40, 41, 42, 43, 44, 45, 46, 47, 48, 49, 52, 61, 245, 246, 247, 248, 249, 250, 251, 252, 253, 254]","['y', 'y', 'y', 'y', 'y', 'y', 'y', 'y', 'y', 'y', 'y', 'y', 'y', 'y', 'y', 'z', 'z', 'z', 'z', 'z', 'z', 'z', 'z', 'z', 'z', 'z', 'z', 'z', 'z', 'z', 'z', 'z', 'z', 'z', 'z', 'z', 'z', 'z', 'z', 'z', 'z', 'z', 'z', 'z', 'z', 'z', 'z', 'z', 'z', 'z', 'z', 'z', 'z', 'z', 'z', 'z', 'z', 'z', 'z', 'z', 'z', 'z', 'z', 'z', 'z', 'z', 'z', 'z', 'z', 'z', 'z', 'z', 'z', 'z', 'z', 'z', 'z']",0.0,0.06,0.24,0.0,0.0,0.0
3515506.0,0.15,19.95,0.0,"[108, 1, 4, 14, 15, 91, 216, 217, 218, 219, 224, 236, 237, 238, 239, 240, 241, 242, 243, 244, 245, 246, 247, 252, 0, 1, 2, 3, 4, 5, 6, 7, 8, 9, 10, 11, 12, 13, 14, 15, 16, 17, 18, 19, 20, 21, 22, 23, 24, 25, 26, 27, 28, 29, 30, 31, 32, 33, 34, 35, 36, 37, 38, 39, 40, 41, 42, 50, 54, 55, 57, 58, 63, 89, 91, 220, 223, 224, 226, 229, 230, 231, 232, 236, 237, 238, 239, 240, 241, 242, 243, 244, 245, 246, 247, 248, 249, 250, 251, 252, 253, 254]","['x', 'y', 'y', 'y', 'y', 'y', 'y', 'y', 'y', 'y', 'y', 'y', 'y', 'y', 'y', 'y', 'y', 'y', 'y', 'y', 'y', 'y', 'y', 'y', 'z', 'z', 'z', 'z', 'z', 'z', 'z', 'z', 'z', 'z', 'z', 'z', 'z', 'z', 'z', 'z', 'z', 'z', 'z', 'z', 'z', 'z', 'z', 'z', 'z', 'z', 'z', 'z', 'z', 'z', 'z', 'z', 'z', 'z', 'z', 'z', 'z', 'z', 'z', 'z', 'z', 'z', 'z', 'z', 'z', 'z', 'z', 'z', 'z', 'z', 'z', 'z', 'z', 'z', 'z', 'z', 'z', 'z', 'z', 'z', 'z', 'z', 'z', 'z', 'z', 'z', 'z', 'z', 'z', 'z', 'z', 'z', 'z', 'z', 'z', 'z', 'z', 'z']",0.01,0.09,0.31,0.0,0.0,0.0
1125505.0,0.14,20.17,0.0,"[0, 3, 5, 9, 10, 14, 17, 18, 20, 21, 22, 23, 227, 228, 245, 251, 252, 254, 0, 1, 2, 3, 4, 5, 6, 7, 8, 9, 10, 11, 12, 13, 14, 15, 16, 17, 18, 19, 20, 21, 22, 23, 24, 25, 26, 27, 28, 29, 30, 32, 34, 38, 39, 40, 41, 42, 43, 44, 49, 52, 53, 56, 57, 58, 60, 213, 220, 221, 223, 224, 225, 226, 227, 228, 229, 230, 231, 232, 233, 234, 235, 237, 242, 243, 244, 247, 248, 249, 250, 251, 252, 253, 254]","['y', 'y', 'y', 'y', 'y', 'y', 'y', 'y', 'y', 'y', 'y', 'y', 'y', 'y', 'y', 'y', 'y', 'y', 'z', 'z', 'z', 'z', 'z', 'z', 'z', 'z', 'z', 'z', 'z', 'z', 'z', 'z', 'z', 'z', 'z', 'z', 'z', 'z', 'z', 'z', 'z', 'z', 'z', 'z', 'z', 'z', 'z', 'z', 'z', 'z', 'z', 'z', 'z', 'z', 'z', 'z', 'z', 'z', 'z', 'z', 'z', 'z', 'z', 'z', 'z', 'z', 'z', 'z', 'z', 'z', 'z', 'z', 'z', 'z', 'z', 'z', 'z', 'z', 'z', 'z', 'z', 'z', 'z', 'z', 'z', 'z', 'z', 'z', 'z', 'z', 'z', 'z', 'z']",0.0,0.07,0.29,0.0,0.0,0.0
2419464.0,0.12,19.79,0.0,"[7, 8, 174, 15, 18, 19, 20, 21, 80, 81, 84, 86, 91, 92, 185, 186, 187, 188, 189, 190, 191, 192, 193, 194, 195, 196, 0, 1, 2, 3, 4, 5, 16, 17, 26, 27, 28, 30, 31, 51, 58, 59, 60, 61, 62, 64, 65, 200, 203, 204, 205, 206, 207, 208, 209, 210, 212, 214, 215, 216, 217, 221, 222, 224, 225, 226, 227, 228, 229, 230, 236, 238, 243, 244, 247, 248, 249, 250, 252, 253]","['x', 'x', 'x', 'y', 'y', 'y', 'y', 'y', 'y', 'y', 'y', 'y', 'y', 'y', 'y', 'y', 'y', 'y', 'y', 'y', 'y', 'y', 'y', 'y', 'y', 'y', 'z', 'z', 'z', 'z', 'z', 'z', 'z', 'z', 'z', 'z', 'z', 'z', 'z', 'z', 'z', 'z', 'z', 'z', 'z', 'z', 'z', 'z', 'z', 'z', 'z', 'z', 'z', 'z', 'z', 'z', 'z', 'z', 'z', 'z', 'z', 'z', 'z', 'z', 'z', 'z', 'z', 'z', 'z', 'z', 'z', 'z', 'z', 'z', 'z', 'z', 'z', 'z', 'z', 'z']",0.02,0.09,0.21,0.0,0.0,0.0
1312097.0,0.08,19.45,0.0,"[167, 170, 21, 22, 25, 26, 27, 28, 29, 30, 31, 234, 0, 1, 2, 3, 4, 5, 6, 7, 8, 9, 10, 14, 209, 210, 211, 217, 222, 226, 228, 229, 230, 231, 232, 233, 235, 236, 237, 239, 240, 241, 242, 243, 245, 246, 247, 248, 249, 250, 251, 252, 253, 254]","['x', 'x', 'y', 'y', 'y', 'y', 'y', 'y', 'y', 'y', 'y', 'y', 'z', 'z', 'z', 'z', 'z', 'z', 'z', 'z', 'z', 'z', 'z', 'z', 'z', 'z', 'z', 'z', 'z', 'z', 'z', 'z', 'z', 'z', 'z', 'z', 'z', 'z', 'z', 'z', 'z', 'z', 'z', 'z', 'z', 'z', 'z', 'z', 'z', 'z', 'z', 'z', 'z', 'z']",0.01,0.04,0.16,0.0,0.0,0.0
3941358.0,0.11,19.02,0.0,"[1, 20, 23, 25, 225, 0, 1, 2, 3, 4, 5, 6, 7, 8, 9, 10, 11, 12, 13, 14, 15, 18, 28, 29, 32, 33, 37, 52, 68, 207, 208, 209, 210, 211, 212, 214, 215, 216, 217, 218, 219, 220, 221, 222, 223, 224, 225, 226, 227, 228, 229, 231, 232, 233, 234, 235, 236, 238, 239, 241, 242, 243, 244, 245, 246, 247, 248, 249, 250, 251, 252, 253, 254]","['x', 'y', 'y', 'y', 'y', 'z', 'z', 'z', 'z', 'z', 'z', 'z', 'z', 'z', 'z', 'z', 'z', 'z', 'z', 'z', 'z', 'z', 'z', 'z', 'z', 'z', 'z', 'z', 'z', 'z', 'z', 'z', 'z', 'z', 'z', 'z', 'z', 'z', 'z', 'z', 'z', 'z', 'z', 'z', 'z', 'z', 'z', 'z', 'z', 'z', 'z', 'z', 'z', 'z', 'z', 'z', 'z', 'z', 'z', 'z', 'z', 'z', 'z', 'z', 'z', 'z', 'z', 'z', 'z', 'z', 'z', 'z', 'z']",0.01,0.02,0.27,0.0,0.0,0.0
8991934.0,0.11,19.91,0.0,"[18, 0, 1, 2, 3, 4, 5, 6, 7, 8, 9, 10, 11, 12, 13, 14, 15, 16, 17, 18, 19, 20, 21, 22, 23, 24, 25, 26, 27, 28, 29, 30, 31, 32, 33, 34, 35, 36, 37, 38, 39, 40, 41, 42, 43, 44, 50, 51, 54, 55, 67, 70, 224, 226, 227, 228, 229, 230, 231, 233, 235, 237, 238, 239, 240, 241, 242, 244, 245, 246, 247, 248, 249, 250, 251, 252, 253, 254]","['y', 'z', 'z', 'z', 'z', 'z', 'z', 'z', 'z', 'z', 'z', 'z', 'z', 'z', 'z', 'z', 'z', 'z', 'z', 'z', 'z', 'z', 'z', 'z', 'z', 'z', 'z', 'z', 'z', 'z', 'z', 'z', 'z', 'z', 'z', 'z', 'z', 'z', 'z', 'z', 'z', 'z', 'z', 'z', 'z', 'z', 'z', 'z', 'z', 'z', 'z', 'z', 'z', 'z', 'z', 'z', 'z', 'z', 'z', 'z', 'z', 'z', 'z', 'z', 'z', 'z', 'z', 'z', 'z', 'z', 'z', 'z', 'z', 'z', 'z', 'z', 'z', 'z']",0.0,0.0,0.3,0.0,0.0,0.0
1411495.0,0.1,19.82,0.0,"[6, 34, 46, 25, 28, 34, 35, 88, 89, 90, 91, 105, 114, 0, 1, 2, 3, 4, 5, 9, 10, 12, 14, 15, 16, 17, 18, 19, 20, 21, 22, 23, 25, 206, 210, 211, 212, 213, 214, 215, 216, 217, 219, 220, 221, 223, 224, 225, 226, 227, 228, 232, 234, 235, 236, 237, 241, 242, 243, 244, 245, 246, 247, 248, 249, 250, 251, 252, 253, 254]","['x', 'x', 'x', 'y', 'y', 'y', 'y', 'y', 'y', 'y', 'y', 'y', 'y', 'z', 'z', 'z', 'z', 'z', 'z', 'z', 'z', 'z', 'z', 'z', 'z', 'z', 'z', 'z', 'z', 'z', 'z', 'z', 'z', 'z', 'z', 'z', 'z', 'z', 'z', 'z', 'z', 'z', 'z', 'z', 'z', 'z', 'z', 'z', 'z', 'z', 'z', 'z', 'z', 'z', 'z', 'z', 'z', 'z', 'z', 'z', 'z', 'z', 'z', 'z', 'z', 'z', 'z', 'z', 'z', 'z']",0.02,0.04,0.22,0.0,0.0,0.0
8387093.0,0.08,19.75,0.0,"[18, 19, 0, 1, 2, 3, 5, 6, 7, 8, 9, 10, 11, 12, 13, 14, 15, 16, 17, 18, 19, 20, 21, 22, 23, 24, 25, 26, 27, 28, 29, 30, 31, 32, 33, 34, 35, 36, 37, 38, 54, 55, 242, 243, 244, 248, 249, 250, 251, 252, 253, 254]","['y', 'y', 'z', 'z', 'z', 'z', 'z', 'z', 'z', 'z', 'z', 'z', 'z', 'z', 'z', 'z', 'z', 'z', 'z', 'z', 'z', 'z', 'z', 'z', 'z', 'z', 'z', 'z', 'z', 'z', 'z', 'z', 'z', 'z', 'z', 'z', 'z', 'z', 'z', 'z', 'z', 'z', 'z', 'z', 'z', 'z', 'z', 'z', 'z', 'z', 'z', 'z']",0.0,0.01,0.2,0.0,0.0,0.0
2876903.0,0.13,20.41,0.0,"[25, 31, 36, 38, 39, 40, 41, 52, 94, 202, 203, 204, 205, 206, 207, 208, 209, 210, 211, 212, 213, 214, 215, 231, 254, 0, 1, 2, 3, 4, 5, 6, 7, 8, 9, 10, 11, 12, 13, 14, 15, 16, 17, 18, 19, 20, 21, 22, 23, 24, 25, 26, 27, 28, 29, 30, 31, 32, 33, 34, 35, 224, 225, 226, 227, 229, 230, 231, 232, 233, 235, 236, 237, 238, 239, 240, 241, 242, 243, 244, 245, 246, 247, 248, 249, 250, 251, 252, 253, 254]","['y', 'y', 'y', 'y', 'y', 'y', 'y', 'y', 'y', 'y', 'y', 'y', 'y', 'y', 'y', 'y', 'y', 'y', 'y', 'y', 'y', 'y', 'y', 'y', 'y', 'z', 'z', 'z', 'z', 'z', 'z', 'z', 'z', 'z', 'z', 'z', 'z', 'z', 'z', 'z', 'z', 'z', 'z', 'z', 'z', 'z', 'z', 'z', 'z', 'z', 'z', 'z', 'z', 'z', 'z', 'z', 'z', 'z', 'z', 'z', 'z', 'z', 'z', 'z', 'z', 'z', 'z', 'z', 'z', 'z', 'z', 'z', 'z', 'z', 'z', 'z', 'z', 'z', 'z', 'z', 'z', 'z', 'z', 'z', 'z', 'z', 'z', 'z', 'z', 'z']",0.0,0.1,0.25,0.0,0.0,0.0
4134561.0,0.24,20.46,0.0,"[3, 40, 42, 46, 47, 68, 72, 73, 77, 78, 79, 84, 85, 88, 89, 98, 100, 101, 102, 133, 162, 166, 0, 1, 2, 3, 4, 5, 6, 9, 10, 11, 12, 13, 14, 15, 19, 20, 22, 23, 24, 25, 26, 27, 28, 29, 30, 83, 85, 91, 93, 94, 95, 98, 100, 101, 102, 103, 104, 105, 106, 109, 110, 113, 115, 123, 182, 189, 190, 191, 197, 198, 203, 204, 211, 212, 213, 214, 215, 216, 217, 218, 246, 248, 249, 250, 251, 252, 253, 254, 0, 1, 2, 3, 4, 5, 6, 7, 8, 9, 10, 11, 14, 16, 22, 23, 24, 25, 26, 27, 28, 30, 31, 35, 37, 39, 62, 202, 203, 204, 206, 207, 208, 210, 211, 212, 213, 214, 215, 216, 217, 218, 219, 220, 221, 222, 223, 224, 225, 226, 228, 229, 230, 232, 233, 235, 236, 237, 238, 239, 241, 242, 243, 244, 245, 246, 247, 248, 249, 250, 251, 252, 253, 254]","['x', 'x', 'x', 'x', 'x', 'x', 'x', 'x', 'x', 'x', 'x', 'x', 'x', 'x', 'x', 'x', 'x', 'x', 'x', 'x', 'x', 'x', 'y', 'y', 'y', 'y', 'y', 'y', 'y', 'y', 'y', 'y', 'y', 'y', 'y', 'y', 'y', 'y', 'y', 'y', 'y', 'y', 'y', 'y', 'y', 'y', 'y', 'y', 'y', 'y', 'y', 'y', 'y', 'y', 'y', 'y', 'y', 'y', 'y', 'y', 'y', 'y', 'y', 'y', 'y', 'y', 'y', 'y', 'y', 'y', 'y', 'y', 'y', 'y', 'y', 'y', 'y', 'y', 'y', 'y', 'y', 'y', 'y', 'y', 'y', 'y', 'y', 'y', 'y', 'y', 'z', 'z', 'z', 'z', 'z', 'z', 'z', 'z', 'z', 'z', 'z', 'z', 'z', 'z', 'z', 'z', 'z', 'z', 'z', 'z', 'z', 'z', 'z', 'z', 'z', 'z', 'z', 'z', 'z', 'z', 'z', 'z', 'z', 'z', 'z', 'z', 'z', 'z', 'z', 'z', 'z', 'z', 'z', 'z', 'z', 'z', 'z', 'z', 'z', 'z', 'z', 'z', 'z', 'z', 'z', 'z', 'z', 'z', 'z', 'z', 'z', 'z', 'z', 'z', 'z', 'z', 'z', 'z', 'z', 'z', 'z', 'z', 'z', 'z']",0.12,0.27,0.29,0.0,0.0,0.0
3304956.0,0.1,20.03,0.0,"[1, 7, 22, 23, 25, 26, 27, 29, 30, 31, 33, 0, 1, 2, 3, 4, 5, 6, 7, 8, 9, 10, 11, 16, 17, 18, 20, 21, 24, 25, 206, 212, 213, 214, 215, 217, 218, 219, 220, 221, 222, 223, 224, 225, 226, 227, 228, 229, 230, 232, 233, 234, 235, 236, 237, 238, 239, 240, 244, 245, 246, 247, 248, 249, 250, 251, 252, 253, 254]","['x', 'y', 'y', 'y', 'y', 'y', 'y', 'y', 'y', 'y', 'y', 'z', 'z', 'z', 'z', 'z', 'z', 'z', 'z', 'z', 'z', 'z', 'z', 'z', 'z', 'z', 'z', 'z', 'z', 'z', 'z', 'z', 'z', 'z', 'z', 'z', 'z', 'z', 'z', 'z', 'z', 'z', 'z', 'z', 'z', 'z', 'z', 'z', 'z', 'z', 'z', 'z', 'z', 'z', 'z', 'z', 'z', 'z', 'z', 'z', 'z', 'z', 'z', 'z', 'z', 'z', 'z', 'z', 'z']",0.01,0.04,0.23,0.0,0.0,0.0
1538046.0,0.1,19.99,0.0,"[6, 7, 8, 23, 24, 25, 41, 51, 62, 63, 66, 91, 92, 93, 94, 95, 101, 104, 0, 1, 2, 3, 4, 5, 6, 30, 31, 32, 33, 35, 78, 94, 102, 104, 105, 110, 213, 214, 253, 254, 0, 1, 3, 4, 5, 6, 7, 14, 16, 18, 200, 201, 202, 204, 211, 212, 213, 217, 219, 221, 222, 225, 226, 235, 245, 247, 249, 253]","['x', 'x', 'x', 'x', 'x', 'x', 'x', 'x', 'x', 'x', 'x', 'x', 'x', 'x', 'x', 'x', 'x', 'x', 'y', 'y', 'y', 'y', 'y', 'y', 'y', 'y', 'y', 'y', 'y', 'y', 'y', 'y', 'y', 'y', 'y', 'y', 'y', 'y', 'y', 'y', 'z', 'z', 'z', 'z', 'z', 'z', 'z', 'z', 'z', 'z', 'z', 'z', 'z', 'z', 'z', 'z', 'z', 'z', 'z', 'z', 'z', 'z', 'z', 'z', 'z', 'z', 'z', 'z']",0.1,0.09,0.11,0.0,0.0,0.0
7446626.0,0.1,19.31,0.0,"[171, 8, 21, 28, 29, 30, 31, 32, 254, 0, 1, 2, 3, 4, 5, 6, 7, 8, 9, 10, 11, 12, 13, 14, 15, 16, 17, 19, 21, 22, 24, 206, 207, 209, 210, 211, 212, 213, 214, 216, 217, 218, 219, 220, 221, 222, 223, 224, 225, 227, 228, 229, 230, 231, 234, 235, 236, 238, 241, 242, 243, 245, 246, 247, 248, 249, 250, 251, 252, 253, 254]","['x', 'y', 'y', 'y', 'y', 'y', 'y', 'y', 'y', 'z', 'z', 'z', 'z', 'z', 'z', 'z', 'z', 'z', 'z', 'z', 'z', 'z', 'z', 'z', 'z', 'z', 'z', 'z', 'z', 'z', 'z', 'z', 'z', 'z', 'z', 'z', 'z', 'z', 'z', 'z', 'z', 'z', 'z', 'z', 'z', 'z', 'z', 'z', 'z', 'z', 'z', 'z', 'z', 'z', 'z', 'z', 'z', 'z', 'z', 'z', 'z', 'z', 'z', 'z', 'z', 'z', 'z', 'z', 'z', 'z', 'z']",0.01,0.03,0.24,0.0,0.0,0.0
1588809.0,0.04,19.9,0.0,"[35, 38, 220, 221, 0, 3, 199, 200, 201, 202, 203, 204, 205, 206, 207, 209, 211, 212, 213, 214, 215, 216, 217, 218, 219, 222, 227, 235, 237, 242]","['y', 'y', 'y', 'y', 'z', 'z', 'z', 'z', 'z', 'z', 'z', 'z', 'z', 'z', 'z', 'z', 'z', 'z', 'z', 'z', 'z', 'z', 'z', 'z', 'z', 'z', 'z', 'z', 'z', 'z']",0.0,0.02,0.1,0.0,0.0,0.0
6115230.0,0.07,20.8,0.0,"[21, 40, 45, 51, 105, 112, 115, 127, 128, 131, 27, 30, 33, 34, 36, 189, 190, 191, 192, 194, 195, 196, 186, 189, 190, 192, 193, 194, 195, 196, 197, 198, 199, 200, 202, 203, 204, 205, 207, 210, 215, 218, 220, 225, 226, 227, 234, 235, 242, 244]","['x', 'x', 'x', 'x', 'x', 'x', 'x', 'x', 'x', 'x', 'y', 'y', 'y', 'y', 'y', 'y', 'y', 'y', 'y', 'y', 'y', 'y', 'z', 'z', 'z', 'z', 'z', 'z', 'z', 'z', 'z', 'z', 'z', 'z', 'z', 'z', 'z', 'z', 'z', 'z', 'z', 'z', 'z', 'z', 'z', 'z', 'z', 'z', 'z', 'z']",0.06,0.05,0.11,0.0,0.0,0.0
8409791.0,0.11,19.96,0.0,"[18, 21, 22, 23, 24, 25, 0, 1, 2, 3, 4, 5, 6, 7, 8, 9, 10, 11, 12, 13, 14, 15, 16, 17, 18, 19, 20, 21, 22, 24, 25, 26, 28, 29, 30, 31, 66, 67, 68, 214, 215, 216, 217, 218, 220, 221, 222, 223, 224, 225, 226, 227, 228, 229, 230, 231, 232, 233, 234, 235, 236, 237, 238, 239, 240, 241, 242, 243, 245, 246, 247, 248, 249, 250, 251, 252, 253, 254]","['y', 'y', 'y', 'y', 'y', 'y', 'z', 'z', 'z', 'z', 'z', 'z', 'z', 'z', 'z', 'z', 'z', 'z', 'z', 'z', 'z', 'z', 'z', 'z', 'z', 'z', 'z', 'z', 'z', 'z', 'z', 'z', 'z', 'z', 'z', 'z', 'z', 'z', 'z', 'z', 'z', 'z', 'z', 'z', 'z', 'z', 'z', 'z', 'z', 'z', 'z', 'z', 'z', 'z', 'z', 'z', 'z', 'z', 'z', 'z', 'z', 'z', 'z', 'z', 'z', 'z', 'z', 'z', 'z', 'z', 'z', 'z', 'z', 'z', 'z', 'z', 'z', 'z']",0.0,0.02,0.28,0.0,0.0,0.0
1017176.0,0.19,19.9,0.0,"[89, 92, 95, 96, 97, 2, 5, 12, 13, 14, 15, 16, 17, 19, 20, 21, 87, 92, 96, 97, 183, 184, 185, 186, 187, 188, 189, 190, 191, 192, 193, 195, 196, 198, 199, 200, 201, 202, 203, 206, 212, 218, 219, 233, 234, 240, 243, 0, 1, 2, 3, 4, 5, 6, 7, 8, 9, 10, 11, 12, 13, 14, 15, 16, 17, 18, 19, 20, 21, 22, 23, 24, 25, 26, 27, 28, 29, 30, 31, 32, 33, 34, 35, 36, 37, 38, 39, 40, 41, 42, 43, 45, 46, 47, 48, 49, 50, 52, 53, 61, 62, 65, 74, 75, 77, 80, 82, 84, 85, 234, 235, 236, 238, 239, 240, 241, 242, 243, 244, 245, 246, 247, 248, 249, 250, 251, 252, 253, 254]","['x', 'x', 'x', 'x', 'x', 'y', 'y', 'y', 'y', 'y', 'y', 'y', 'y', 'y', 'y', 'y', 'y', 'y', 'y', 'y', 'y', 'y', 'y', 'y', 'y', 'y', 'y', 'y', 'y', 'y', 'y', 'y', 'y', 'y', 'y', 'y', 'y', 'y', 'y', 'y', 'y', 'y', 'y', 'y', 'y', 'y', 'y', 'z', 'z', 'z', 'z', 'z', 'z', 'z', 'z', 'z', 'z', 'z', 'z', 'z', 'z', 'z', 'z', 'z', 'z', 'z', 'z', 'z', 'z', 'z', 'z', 'z', 'z', 'z', 'z', 'z', 'z', 'z', 'z', 'z', 'z', 'z', 'z', 'z', 'z', 'z', 'z', 'z', 'z', 'z', 'z', 'z', 'z', 'z', 'z', 'z', 'z', 'z', 'z', 'z', 'z', 'z', 'z', 'z', 'z', 'z', 'z', 'z', 'z', 'z', 'z', 'z', 'z', 'z', 'z', 'z', 'z', 'z', 'z', 'z', 'z', 'z', 'z', 'z', 'z', 'z', 'z', 'z', 'z']",0.03,0.16,0.32,0.0,0.0,0.0
4919979.0,0.67,20.46,1.0,"[0, 4, 6, 7, 8, 9, 10, 11, 14, 15, 16, 18, 19, 20, 21, 22, 23, 24, 25, 26, 27, 28, 29, 30, 31, 32, 33, 34, 35, 36, 37, 38, 39, 40, 41, 42, 43, 44, 45, 46, 47, 48, 49, 50, 51, 52, 53, 55, 56, 57, 58, 59, 60, 61, 62, 63, 64, 65, 66, 67, 68, 69, 70, 71, 72, 73, 76, 77, 78, 79, 80, 81, 82, 83, 84, 85, 86, 87, 88, 89, 90, 91, 92, 93, 94, 95, 96, 102, 103, 105, 106, 109, 110, 111, 112, 113, 114, 115, 116, 117, 118, 119, 120, 121, 122, 123, 124, 125, 126, 127, 128, 129, 130, 131, 132, 133, 134, 135, 136, 138, 139, 140, 141, 142, 152, 168, 0, 1, 2, 3, 4, 5, 6, 7, 8, 9, 10, 11, 12, 13, 14, 15, 16, 17, 18, 19, 20, 21, 22, 23, 24, 25, 26, 27, 28, 29, 30, 31, 32, 33, 34, 43, 45, 48, 49, 50, 51, 52, 53, 54, 55, 56, 57, 58, 59, 60, 61, 62, 63, 64, 65, 66, 67, 68, 69, 70, 71, 72, 73, 74, 75, 76, 77, 78, 79, 80, 81, 82, 83, 84, 85, 86, 87, 88, 89, 90, 91, 92, 93, 94, 95, 96, 97, 98, 99, 100, 101, 102, 103, 104, 105, 106, 107, 108, 109, 110, 111, 112, 113, 114, 117, 119, 120, 121, 122, 123, 127, 128, 134, 135, 136, 137, 138, 139, 140, 141, 142, 143, 144, 145, 146, 147, 148, 149, 150, 151, 152, 153, 154, 155, 156, 157, 158, 159, 160, 164, 165, 167, 168, 169, 182, 183, 192, 193, 194, 195, 196, 197, 198, 199, 200, 201, 202, 203, 204, 205, 206, 207, 208, 209, 210, 211, 212, 213, 214, 215, 216, 217, 218, 219, 220, 221, 222, 223, 224, 225, 226, 227, 228, 229, 230, 232, 234, 235, 236, 237, 238, 239, 240, 241, 242, 243, 244, 245, 246, 247, 248, 249, 250, 251, 252, 253, 254, 0, 1, 2, 3, 6, 7, 8, 9, 10, 11, 12, 13, 14, 15, 16, 17, 18, 20, 21, 22, 23, 24, 25, 26, 27, 28, 29, 30, 31, 32, 33, 34, 35, 36, 37, 38, 39, 40, 41, 42, 43, 44, 45, 46, 47, 48, 49, 50, 51, 53, 54, 55, 56, 58, 59, 61, 69, 70, 71, 75, 80, 81, 82, 88, 89, 90, 91, 92, 93, 137, 140, 144, 145, 147, 149, 153, 154, 155, 156, 157, 158, 159, 168, 169, 170, 172, 174, 176, 178, 179, 180, 181, 182, 183, 184, 185, 186, 187, 188, 189, 190, 191, 192, 193, 194, 195, 196, 197, 198, 199, 200, 201, 202, 203, 204, 205, 206, 207, 208, 211, 212, 214, 215, 220, 232, 244, 246]","['x', 'x', 'x', 'x', 'x', 'x', 'x', 'x', 'x', 'x', 'x', 'x', 'x', 'x', 'x', 'x', 'x', 'x', 'x', 'x', 'x', 'x', 'x', 'x', 'x', 'x', 'x', 'x', 'x', 'x', 'x', 'x', 'x', 'x', 'x', 'x', 'x', 'x', 'x', 'x', 'x', 'x', 'x', 'x', 'x', 'x', 'x', 'x', 'x', 'x', 'x', 'x', 'x', 'x', 'x', 'x', 'x', 'x', 'x', 'x', 'x', 'x', 'x', 'x', 'x', 'x', 'x', 'x', 'x', 'x', 'x', 'x', 'x', 'x', 'x', 'x', 'x', 'x', 'x', 'x', 'x', 'x', 'x', 'x', 'x', 'x', 'x', 'x', 'x', 'x', 'x', 'x', 'x', 'x', 'x', 'x', 'x', 'x', 'x', 'x', 'x', 'x', 'x', 'x', 'x', 'x', 'x', 'x', 'x', 'x', 'x', 'x', 'x', 'x', 'x', 'x', 'x', 'x', 'x', 'x', 'x', 'x', 'x', 'x', 'x', 'x', 'y', 'y', 'y', 'y', 'y', 'y', 'y', 'y', 'y', 'y', 'y', 'y', 'y', 'y', 'y', 'y', 'y', 'y', 'y', 'y', 'y', 'y', 'y', 'y', 'y', 'y', 'y', 'y', 'y', 'y', 'y', 'y', 'y', 'y', 'y', 'y', 'y', 'y', 'y', 'y', 'y', 'y', 'y', 'y', 'y', 'y', 'y', 'y', 'y', 'y', 'y', 'y', 'y', 'y', 'y', 'y', 'y', 'y', 'y', 'y', 'y', 'y', 'y', 'y', 'y', 'y', 'y', 'y', 'y', 'y', 'y', 'y', 'y', 'y', 'y', 'y', 'y', 'y', 'y', 'y', 'y', 'y', 'y', 'y', 'y', 'y', 'y', 'y', 'y', 'y', 'y', 'y', 'y', 'y', 'y', 'y', 'y', 'y', 'y', 'y', 'y', 'y', 'y', 'y', 'y', 'y', 'y', 'y', 'y', 'y', 'y', 'y', 'y', 'y', 'y', 'y', 'y', 'y', 'y', 'y', 'y', 'y', 'y', 'y', 'y', 'y', 'y', 'y', 'y', 'y', 'y', 'y', 'y', 'y', 'y', 'y', 'y', 'y', 'y', 'y', 'y', 'y', 'y', 'y', 'y', 'y', 'y', 'y', 'y', 'y', 'y', 'y', 'y', 'y', 'y', 'y', 'y', 'y', 'y', 'y', 'y', 'y', 'y', 'y', 'y', 'y', 'y', 'y', 'y', 'y', 'y', 'y', 'y', 'y', 'y', 'y', 'y', 'y', 'y', 'y', 'y', 'y', 'y', 'y', 'y', 'y', 'y', 'y', 'y', 'y', 'y', 'y', 'y', 'y', 'y', 'y', 'y', 'y', 'y', 'y', 'y', 'y', 'y', 'y', 'y', 'y', 'y', 'z', 'z', 'z', 'z', 'z', 'z', 'z', 'z', 'z', 'z', 'z', 'z', 'z', 'z', 'z', 'z', 'z', 'z', 'z', 'z', 'z', 'z', 'z', 'z', 'z', 'z', 'z', 'z', 'z', 'z', 'z', 'z', 'z', 'z', 'z', 'z', 'z', 'z', 'z', 'z', 'z', 'z', 'z', 'z', 'z', 'z', 'z', 'z', 'z', 'z', 'z', 'z', 'z', 'z', 'z', 'z', 'z', 'z', 'z', 'z', 'z', 'z', 'z', 'z', 'z', 'z', 'z', 'z', 'z', 'z', 'z', 'z', 'z', 'z', 'z', 'z', 'z', 'z', 'z', 'z', 'z', 'z', 'z', 'z', 'z', 'z', 'z', 'z', 'z', 'z', 'z', 'z', 'z', 'z', 'z', 'z', 'z', 'z', 'z', 'z', 'z', 'z', 'z', 'z', 'z', 'z', 'z', 'z', 'z', 'z', 'z', 'z', 'z', 'z', 'z', 'z', 'z', 'z', 'z', 'z', 'z', 'z', 'z', 'z', 'z', 'z', 'z']",0.72,0.81,0.5,1.0,1.0,0.0
3007585.0,0.06,19.88,0.0,"[6, 2, 4, 6, 13, 16, 17, 24, 0, 1, 2, 3, 4, 5, 6, 7, 8, 10, 11, 12, 52, 203, 204, 205, 206, 207, 208, 209, 211, 213, 214, 216, 218, 222, 224, 225, 226, 232, 235, 251, 253]","['x', 'y', 'y', 'y', 'y', 'y', 'y', 'y', 'z', 'z', 'z', 'z', 'z', 'z', 'z', 'z', 'z', 'z', 'z', 'z', 'z', 'z', 'z', 'z', 'z', 'z', 'z', 'z', 'z', 'z', 'z', 'z', 'z', 'z', 'z', 'z', 'z', 'z', 'z', 'z', 'z']",0.01,0.03,0.13,0.0,0.0,0.0
3566449.0,0.18,20.02,0.0,"[1, 2, 3, 7, 11, 12, 14, 15, 17, 19, 20, 21, 22, 23, 75, 76, 77, 78, 79, 80, 81, 83, 84, 99, 100, 101, 102, 103, 115, 214, 215, 216, 217, 218, 219, 220, 221, 222, 227, 228, 229, 230, 232, 233, 234, 236, 238, 239, 240, 241, 243, 245, 246, 249, 250, 251, 253, 254, 0, 1, 2, 3, 4, 5, 6, 7, 8, 9, 10, 11, 12, 13, 14, 15, 16, 17, 18, 19, 20, 21, 22, 23, 24, 25, 26, 27, 28, 29, 30, 31, 32, 33, 34, 35, 36, 37, 38, 39, 40, 41, 43, 51, 52, 55, 72, 74, 80, 92, 101, 102, 104, 105, 232, 233, 235, 237, 238, 240, 241, 245, 249, 250, 251, 252, 253, 254]","['y', 'y', 'y', 'y', 'y', 'y', 'y', 'y', 'y', 'y', 'y', 'y', 'y', 'y', 'y', 'y', 'y', 'y', 'y', 'y', 'y', 'y', 'y', 'y', 'y', 'y', 'y', 'y', 'y', 'y', 'y', 'y', 'y', 'y', 'y', 'y', 'y', 'y', 'y', 'y', 'y', 'y', 'y', 'y', 'y', 'y', 'y', 'y', 'y', 'y', 'y', 'y', 'y', 'y', 'y', 'y', 'y', 'y', 'z', 'z', 'z', 'z', 'z', 'z', 'z', 'z', 'z', 'z', 'z', 'z', 'z', 'z', 'z', 'z', 'z', 'z', 'z', 'z', 'z', 'z', 'z', 'z', 'z', 'z', 'z', 'z', 'z', 'z', 'z', 'z', 'z', 'z', 'z', 'z', 'z', 'z', 'z', 'z', 'z', 'z', 'z', 'z', 'z', 'z', 'z', 'z', 'z', 'z', 'z', 'z', 'z', 'z', 'z', 'z', 'z', 'z', 'z', 'z', 'z', 'z', 'z', 'z', 'z', 'z', 'z', 'z']",0.0,0.23,0.27,0.0,0.0,0.0
4239636.0,0.13,19.7,0.0,"[5, 6, 7, 8, 10, 14, 15, 17, 18, 19, 20, 21, 216, 222, 242, 0, 1, 2, 3, 4, 5, 6, 7, 8, 9, 10, 11, 12, 13, 14, 15, 16, 17, 18, 19, 20, 21, 22, 23, 24, 25, 26, 27, 28, 29, 30, 31, 32, 33, 34, 35, 36, 37, 38, 39, 42, 43, 44, 45, 46, 47, 48, 49, 50, 53, 54, 72, 74, 75, 228, 233, 234, 235, 236, 237, 238, 239, 240, 241, 242, 243, 244, 245, 246, 247, 248, 249, 250, 251, 252, 253, 254]","['y', 'y', 'y', 'y', 'y', 'y', 'y', 'y', 'y', 'y', 'y', 'y', 'y', 'y', 'y', 'z', 'z', 'z', 'z', 'z', 'z', 'z', 'z', 'z', 'z', 'z', 'z', 'z', 'z', 'z', 'z', 'z', 'z', 'z', 'z', 'z', 'z', 'z', 'z', 'z', 'z', 'z', 'z', 'z', 'z', 'z', 'z', 'z', 'z', 'z', 'z', 'z', 'z', 'z', 'z', 'z', 'z', 'z', 'z', 'z', 'z', 'z', 'z', 'z', 'z', 'z', 'z', 'z', 'z', 'z', 'z', 'z', 'z', 'z', 'z', 'z', 'z', 'z', 'z', 'z', 'z', 'z', 'z', 'z', 'z', 'z', 'z', 'z', 'z', 'z', 'z', 'z']",0.0,0.06,0.3,0.0,0.0,0.0
1208586.0,0.15,20.78,0.0,"[3, 4, 5, 7, 8, 9, 10, 12, 16, 17, 18, 221, 223, 224, 227, 228, 229, 230, 231, 232, 233, 234, 235, 236, 237, 240, 241, 242, 243, 244, 245, 246, 247, 248, 249, 250, 251, 252, 253, 254, 0, 1, 2, 3, 4, 5, 6, 7, 8, 9, 10, 11, 12, 13, 14, 15, 16, 17, 18, 19, 20, 21, 22, 23, 24, 25, 26, 27, 28, 29, 30, 31, 32, 33, 34, 35, 36, 37, 38, 39, 40, 41, 42, 43, 44, 45, 46, 47, 48, 51, 52, 244, 245, 246, 247, 248, 249, 250, 251, 252, 253, 254]","['y', 'y', 'y', 'y', 'y', 'y', 'y', 'y', 'y', 'y', 'y', 'y', 'y', 'y', 'y', 'y', 'y', 'y', 'y', 'y', 'y', 'y', 'y', 'y', 'y', 'y', 'y', 'y', 'y', 'y', 'y', 'y', 'y', 'y', 'y', 'y', 'y', 'y', 'y', 'y', 'z', 'z', 'z', 'z', 'z', 'z', 'z', 'z', 'z', 'z', 'z', 'z', 'z', 'z', 'z', 'z', 'z', 'z', 'z', 'z', 'z', 'z', 'z', 'z', 'z', 'z', 'z', 'z', 'z', 'z', 'z', 'z', 'z', 'z', 'z', 'z', 'z', 'z', 'z', 'z', 'z', 'z', 'z', 'z', 'z', 'z', 'z', 'z', 'z', 'z', 'z', 'z', 'z', 'z', 'z', 'z', 'z', 'z', 'z', 'z', 'z', 'z']",0.0,0.16,0.24,0.0,0.0,0.0
3980079.0,0.08,19.88,0.0,"[0, 1, 2, 3, 4, 5, 6, 7, 8, 9, 10, 11, 12, 13, 14, 15, 16, 17, 18, 19, 20, 22, 23, 24, 213, 214, 215, 216, 217, 220, 221, 223, 224, 226, 227, 229, 230, 231, 234, 235, 237, 238, 242, 244, 245, 246, 247, 248, 249, 250, 251, 252, 253, 254]","['z', 'z', 'z', 'z', 'z', 'z', 'z', 'z', 'z', 'z', 'z', 'z', 'z', 'z', 'z', 'z', 'z', 'z', 'z', 'z', 'z', 'z', 'z', 'z', 'z', 'z', 'z', 'z', 'z', 'z', 'z', 'z', 'z', 'z', 'z', 'z', 'z', 'z', 'z', 'z', 'z', 'z', 'z', 'z', 'z', 'z', 'z', 'z', 'z', 'z', 'z', 'z', 'z', 'z']",0.0,0.0,0.21,0.0,0.0,0.0
3888614.0,0.11,20.9,0.0,"[3, 5, 8, 12, 13, 14, 15, 16, 17, 232, 233, 236, 238, 239, 243, 0, 1, 2, 3, 4, 5, 6, 7, 8, 9, 10, 11, 12, 13, 14, 15, 16, 17, 18, 19, 20, 21, 22, 23, 24, 25, 26, 27, 28, 29, 30, 31, 32, 33, 34, 35, 36, 38, 44, 49, 51, 56, 234, 236, 238, 239, 240, 241, 242, 243, 244, 245, 246, 247, 248, 249, 250, 251, 252, 253, 254]","['y', 'y', 'y', 'y', 'y', 'y', 'y', 'y', 'y', 'y', 'y', 'y', 'y', 'y', 'y', 'z', 'z', 'z', 'z', 'z', 'z', 'z', 'z', 'z', 'z', 'z', 'z', 'z', 'z', 'z', 'z', 'z', 'z', 'z', 'z', 'z', 'z', 'z', 'z', 'z', 'z', 'z', 'z', 'z', 'z', 'z', 'z', 'z', 'z', 'z', 'z', 'z', 'z', 'z', 'z', 'z', 'z', 'z', 'z', 'z', 'z', 'z', 'z', 'z', 'z', 'z', 'z', 'z', 'z', 'z', 'z', 'z', 'z', 'z', 'z', 'z']",0.0,0.06,0.24,0.0,0.0,0.0
7504392.0,0.08,19.88,0.0,"[2, 4, 5, 6, 165, 166, 167, 31, 34, 35, 36, 106, 109, 110, 111, 115, 118, 183, 186, 187, 189, 190, 192, 193, 194, 195, 196, 217, 219, 227, 231, 0, 4, 5, 6, 7, 24, 26, 199, 200, 201, 203, 205, 208, 212, 214, 221, 224, 226, 229, 230, 243, 246, 247, 248, 249, 251, 254]","['x', 'x', 'x', 'x', 'x', 'x', 'x', 'y', 'y', 'y', 'y', 'y', 'y', 'y', 'y', 'y', 'y', 'y', 'y', 'y', 'y', 'y', 'y', 'y', 'y', 'y', 'y', 'y', 'y', 'y', 'y', 'z', 'z', 'z', 'z', 'z', 'z', 'z', 'z', 'z', 'z', 'z', 'z', 'z', 'z', 'z', 'z', 'z', 'z', 'z', 'z', 'z', 'z', 'z', 'z', 'z', 'z', 'z']",0.04,0.09,0.11,0.0,0.0,0.0
2756846.0,0.08,19.79,0.0,"[5, 6, 9, 75, 86, 175, 19, 29, 30, 32, 33, 244, 0, 1, 2, 3, 4, 5, 7, 38, 208, 215, 216, 217, 218, 219, 220, 221, 223, 224, 225, 227, 228, 230, 231, 232, 233, 234, 235, 237, 239, 240, 241, 242, 243, 244, 245, 246, 247, 248, 249, 250, 251, 252, 253, 254]","['x', 'x', 'x', 'x', 'x', 'x', 'y', 'y', 'y', 'y', 'y', 'y', 'z', 'z', 'z', 'z', 'z', 'z', 'z', 'z', 'z', 'z', 'z', 'z', 'z', 'z', 'z', 'z', 'z', 'z', 'z', 'z', 'z', 'z', 'z', 'z', 'z', 'z', 'z', 'z', 'z', 'z', 'z', 'z', 'z', 'z', 'z', 'z', 'z', 'z', 'z', 'z', 'z', 'z', 'z', 'z']",0.03,0.02,0.17,0.0,0.0,0.0
9956994.0,0.06,19.83,0.0,"[46, 24, 25, 27, 28, 30, 32, 194, 196, 197, 198, 0, 1, 3, 4, 207, 210, 211, 213, 214, 215, 218, 221, 222, 223, 224, 225, 228, 230, 236, 241, 242, 246, 248, 250, 251, 252, 254]","['x', 'y', 'y', 'y', 'y', 'y', 'y', 'y', 'y', 'y', 'y', 'z', 'z', 'z', 'z', 'z', 'z', 'z', 'z', 'z', 'z', 'z', 'z', 'z', 'z', 'z', 'z', 'z', 'z', 'z', 'z', 'z', 'z', 'z', 'z', 'z', 'z', 'z']",0.01,0.04,0.11,0.0,0.0,0.0
